,Iteration,pararel_time,total_time,now_obj,now_conv,now_lips,num_call_obj,num_call_nbl,num_call_proj,num_call_conv
0,0,0.0,0.0,-613809.8235884827,0.0,877.1929824561404,0,0,0,0
0,1,0.375,0.703125,-614928.8622022861,52.148064678441365,877.1929824561404,2,3,2,1
0,2,0.75,1.40625,-615756.9512505074,55.883557436373046,877.1929824561404,4,6,4,2
0,3,1.125,2.109375,-616580.2369361937,67.31182297795169,877.1929824561404,6,9,6,3
