,Iteration,pararel_time,total_time,now_obj,now_conv,num_call_obj,num_call_dir
0,0,0.0,0.0,819016.7381226572,1.7976931348623157e+308,0,0
0,1,4842.734375,4952.578125,696116.9228485858,122899.81527407141,33,1
0,2,10595.953125,10833.75,626554.1170684651,69562.80578012066,54,2
