,Iteration,pararel_time,total_time,now_obj,now_conv,num_call_obj,num_call_dir
0,0,0.0,0.0,724001.4699170522,1.7976931348623157e+308,0,0
0,1,10329.015625,10921.328125,530482.1850382938,193519.28487875836,34,1
0,2,18335.921875,19403.484375,444684.4023281186,85797.7827101752,53,2
0,3,26047.375,27565.109375,443942.50569495826,741.8966331603588,69,3
0,4,31653.421875,33504.109375,443521.8579622807,420.64773267757846,83,4
0,5,35263.84375,37328.71875,443498.72307052393,23.13489175675204,94,5
0,6,38088.140625,40316.234375,443496.62668211706,2.0963884068769403,103,6
0,7,39948.515625,42284.71875,443496.5571189512,0.06956316583091393,109,7
