,Iteration,pararel_time,total_time,now_obj,now_conv,now_lips,num_call_obj,num_call_nbl,num_call_proj,num_call_conv
0,0,0.0,0.0,-23.85088737610109,1.2939391935906404,0.1,0,0,0,0
0,1,24.34375,97.921875,-33.527381281465196,0.3747873002844529,0.4594972986357222,18,3,1,1
0,2,30.328125,125.515625,-34.51869933517379,0.12891390047897794,0.4594972986357222,20,6,2,2
0,3,36.296875,153.421875,-34.971653446322065,0.07854037537607868,0.4594972986357222,22,9,3,3
0,4,42.34375,181.5,-35.246859676052985,0.054072256000331234,0.4594972986357222,24,12,4,4
0,5,52.125,221.0625,-35.42505755654105,0.0388377336861867,0.4594972986357222,26,15,5,5
