,Iteration,pararel_time,total_time,now_obj,now_conv,now_lips,num_call_obj,num_call_nbl,num_call_proj,num_call_conv
0,0,0.0,0.0,1016.0163683177153,68.49136628033021,10.0,0,0,0,0
0,1,28.109375,219.828125,-148.07364322491472,22.737873381100144,34.52271214393104,15,3,1,1
0,2,35.859375,288.046875,-259.57164612286886,100.38094627550451,34.52271214393104,17,6,2,2
0,3,44.6875,357.6875,-26.89143912686626,85.43193150400083,34.52271214393104,19,9,3,3
0,4,80.9375,638.421875,536.5488077525677,160.9347531284788,119.18176537727236,34,12,4,4
